{"avg": 1.2873333333333334, "hop": 1, "hosts": "[('172.17.149.1', '(172.17.149.1)',)]", "max": 1.761, "med": 1.274, "min": 0.827}
{"avg": 0.3496666666666666, "hop": 2, "hosts": "[('128.192.0.5', '(128.192.0.5)',)]", "max": 0.435, "med": 0.36, "min": 0.254}
{"avg": 0.8833333333333333, "hop": 3, "hosts": "[('1057-Life-BAgg-R.net.uga.edu', '(172.31.43.106)','1023-Boyd-BAgg-R.net.uga.edu', '(172.31.42.106)','1057-Life-BAgg-R.net.uga.edu', '(172.31.43.106)',)]", "max": 1.053, "med": 0.808, "min": 0.789}
{"avg": 3.638, "hop": 4, "hosts": "[('0042-Peabody-Core-R.net.uga.edu', '(172.31.41.0)','1023-Boyd-Core-R.net.uga.edu', '(172.31.40.0)','0042-Peabody-Core-R.net.uga.edu', '(172.31.41.2)',)]", "max": 5.103, "med": 5.065, "min": 0.746}
{"avg": 0.6439999999999999, "hop": 5, "hosts": "[('*', 'Boyd-MX-re0.net.uga.edu (172.31.40.24)','Boyd-MX-re0.net.uga.edu', '(172.31.41.24)',)]", "max": 0.695, "med": 0.695, "min": 0.593}
{"avg": 0.9123333333333333, "hop": 6, "hosts": "[('172.31.47.9', '(172.31.47.9)',)]", "max": 0.929, "med": 0.912, "min": 0.896}
{"avg": 1.337, "hop": 7, "hosts": "[('Boyd-MX-re0.net.uga.edu', '(172.31.47.5)',)]", "max": 1.337, "med": 1.337, "min": 1.337}
{"avg": 5.062, "hop": 8, "hosts": "[('trcpsx.net.uga.edu', '(128.192.166.41)',)]", "max": 5.897, "med": 4.676, "min": 4.613}
{"avg": 4.621666666666667, "hop": 9, "hosts": "[('74.125.48.33', '(74.125.48.33)',)]", "max": 5.779, "med": 4.598, "min": 3.488}
{"avg": 5.526, "hop": 10, "hosts": "[('108.170.249.76', '(108.170.249.76)','108.170.249.35', '(108.170.249.35)','108.170.249.67', '(108.170.249.67)',)]", "max": 6.422, "med": 5.97, "min": 4.186}
{"avg": 6.133333333333333, "hop": 11, "hosts": "[('64.233.175.251', '(64.233.175.251)','209.85.246.223', '(209.85.246.223)','108.170.229.138', '(108.170.229.138)',)]", "max": 6.482, "med": 6.363, "min": 5.555}
{"avg": 16.725333333333335, "hop": 12, "hosts": "[('108.170.230.65', '(108.170.230.65)','108.170.236.123', '(108.170.236.123)','108.170.230.65', '(108.170.230.65)',)]", "max": 39.637, "med": 5.751, "min": 4.788}
{"avg": 7.259, "hop": 13, "hosts": "[('108.170.226.67', '(108.170.226.67)','209.85.247.93', '(209.85.247.93)','209.85.247.95', '(209.85.247.95)',)]", "max": 7.641, "med": 7.6, "min": 6.536}
